{"cameraMode":{"drawMode":0,"name":"Shaded","section":"Shading Mode"},"sceneLighting":true,"audioPlay":false,"sceneViewState":{"showFog":true,"showMaterialUpdate":false,"showSkybox":true,"showFlares":true,"showImageEffects":true,"showParticleSystems":true},"in2DMode":false,"pivot":{"x":-23.623092651367189,"y":15.59405517578125,"z":31.340572357177736},"rotation":{"x":0.1507352590560913,"y":0.8388969898223877,"z":-0.2903289198875427,"w":0.43508675694465639},"size":7.137228965759277,"orthographic":false}