{"cameraMode":{"drawMode":0,"name":"Shaded","section":"Shading Mode"},"sceneLighting":false,"audioPlay":false,"sceneViewState":{"showFog":true,"showMaterialUpdate":false,"showSkybox":false,"showFlares":true,"showImageEffects":true,"showParticleSystems":true},"in2DMode":false,"pivot":{"x":-0.9251194000244141,"y":0.8053126335144043,"z":-0.7586276531219482},"rotation":{"x":0.16300828754901887,"y":-0.616627037525177,"z":0.1326688528060913,"w":0.7586845755577087},"size":6.29112434387207,"orthographic":false}